{
  "full": {
    "protein": "chignolin",
    "n_residues": 10,
    "method": "sa",
    "rmsd": 8.642649576409463,
    "tm_score": 0.014937407763602292,
    "gdt_ts": 0.225,
    "lddt": 0.21666666666666667,
    "contact_f1": 0.5384615384615384,
    "total_energy": 26.373450552340863,
    "rg": 8.763469839368257,
    "rg_target": 5.462892831650255,
    "n_fragments": 3,
    "n_qubits": 9,
    "time_seconds": 1.457413673400879,
    "n_contacts": 14
  },
  "no_dfire": {
    "protein": "chignolin",
    "n_residues": 10,
    "method": "sa",
    "rmsd": 5.711483175830605,
    "tm_score": 0.01747205185447803,
    "gdt_ts": 0.275,
    "lddt": 0.3388888888888889,
    "contact_f1": 0.42857142857142855,
    "total_energy": -5.26026408758111,
    "rg": 5.127125307017671,
    "rg_target": 5.462892831650255,
    "n_fragments": 3,
    "n_qubits": 9,
    "time_seconds": 1.4931342601776123,
    "n_contacts": 16
  },
  "no_hbond": {
    "protein": "chignolin",
    "n_residues": 10,
    "method": "sa",
    "rmsd": 8.642649576409463,
    "tm_score": 0.014937407763602292,
    "gdt_ts": 0.225,
    "lddt": 0.21666666666666667,
    "contact_f1": 0.5384615384615384,
    "total_energy": 26.373450552340863,
    "rg": 8.763469839368257,
    "rg_target": 5.462892831650255,
    "n_fragments": 3,
    "n_qubits": 9,
    "time_seconds": 1.42637300491333,
    "n_contacts": 14
  },
  "no_torsion": {
    "protein": "chignolin",
    "n_residues": 10,
    "method": "sa",
    "rmsd": 8.642649576409463,
    "tm_score": 0.014937407763602292,
    "gdt_ts": 0.225,
    "lddt": 0.21666666666666667,
    "contact_f1": 0.5384615384615384,
    "total_energy": 26.373450552340863,
    "rg": 8.763469839368257,
    "rg_target": 5.462892831650255,
    "n_fragments": 3,
    "n_qubits": 9,
    "time_seconds": 1.5204980373382568,
    "n_contacts": 14
  },
  "no_lj": {
    "protein": "chignolin",
    "n_residues": 10,
    "method": "sa",
    "rmsd": 7.73461092870155,
    "tm_score": 0.01559280435304444,
    "gdt_ts": 0.2,
    "lddt": 0.23888888888888887,
    "contact_f1": 0.6428571428571429,
    "total_energy": 3.27211759161602,
    "rg": 8.057294159905672,
    "rg_target": 5.462892831650255,
    "n_fragments": 3,
    "n_qubits": 9,
    "time_seconds": 1.4904043674468994,
    "n_contacts": 16
  },
  "no_elec": {
    "protein": "chignolin",
    "n_residues": 10,
    "method": "sa",
    "rmsd": 8.642649576409463,
    "tm_score": 0.014937407763602292,
    "gdt_ts": 0.225,
    "lddt": 0.21666666666666667,
    "contact_f1": 0.5384615384615384,
    "total_energy": 26.373450552340863,
    "rg": 8.763469839368257,
    "rg_target": 5.462892831650255,
    "n_fragments": 3,
    "n_qubits": 9,
    "time_seconds": 1.4344429969787598,
    "n_contacts": 14
  },
  "no_rg": {
    "protein": "chignolin",
    "n_residues": 10,
    "method": "sa",
    "rmsd": 8.712174856064589,
    "tm_score": 0.014869812095567436,
    "gdt_ts": 0.225,
    "lddt": 0.21666666666666667,
    "contact_f1": 0.5384615384615384,
    "total_energy": 24.624234849315727,
    "rg": 8.847873570192752,
    "rg_target": 5.462892831650255,
    "n_fragments": 3,
    "n_qubits": 9,
    "time_seconds": 1.563018560409546,
    "n_contacts": 14
  },
  "no_solv": {
    "protein": "chignolin",
    "n_residues": 10,
    "method": "sa",
    "rmsd": 8.656036969573869,
    "tm_score": 0.014884002509670128,
    "gdt_ts": 0.225,
    "lddt": 0.21666666666666667,
    "contact_f1": 0.5384615384615384,
    "total_energy": 32.55253457282096,
    "rg": 8.782103140943649,
    "rg_target": 5.462892831650255,
    "n_fragments": 3,
    "n_qubits": 9,
    "time_seconds": 1.476097583770752,
    "n_contacts": 14
  },
  "no_cb_contact": {
    "protein": "chignolin",
    "n_residues": 10,
    "method": "sa",
    "rmsd": 8.642649576409463,
    "tm_score": 0.014937407763602292,
    "gdt_ts": 0.225,
    "lddt": 0.21666666666666667,
    "contact_f1": 0.5384615384615384,
    "total_energy": 26.373450552340863,
    "rg": 8.763469839368257,
    "rg_target": 5.462892831650255,
    "n_fragments": 3,
    "n_qubits": 9,
    "time_seconds": 1.5746145248413086,
    "n_contacts": 14
  }
}